Isotope,FWHM,Channel No.,R,Gamma peak (keV),Gamma peak (calc) (keV),Other peaks (keV),Other peaks (Ch.),Other peak FWHM
60Co,133.73,3472.28,0.038513599,1173.2,,,,
,153.89,3860.15,0.039866326,1332.5,,,,
109Ca,34.33,270.73,0.126805304,88,,,,
54Mn,157.45,2450.83,0.064243542,834.9,,,,
22Na,159.78,3698.97,0.043195809,1274.5,,511,1528.37,123.44
57Co,30.15,277.29,0.108730932,122.1,,,,
,42.86,376.35,0.113883353,136.5,,,,
137Cs,47.13,,,661.7,681.069,,,
